{
  "linear_regression": {
    "RMSE": 1369.119531260251
  },
  "logistic_regression": {
    "Accuracy": 0.4927536231884058,
    "F1 Score": 0.5625,
    "ROC AUC": 0.5543874704998927,
    "Confusion Matrix": [
      [
        23,
        56
      ],
      [
        14,
        45
      ]
    ],
    "Classification Report": {
      "0": {
        "precision": 0.6216216216216216,
        "recall": 0.2911392405063291,
        "f1-score": 0.39655172413793105,
        "support": 79.0
      },
      "1": {
        "precision": 0.44554455445544555,
        "recall": 0.7627118644067796,
        "f1-score": 0.5625,
        "support": 59.0
      },
      "accuracy": 0.4927536231884058,
      "macro avg": {
        "precision": 0.5335830880385336,
        "recall": 0.5269255524565544,
        "f1-score": 0.4795258620689655,
        "support": 138.0
      },
      "weighted avg": {
        "precision": 0.5463422958041985,
        "recall": 0.4927536231884058,
        "f1-score": 0.4675006246876562,
        "support": 138.0
      }
    }
  }
}