{
  "linear_regression": {
    "RMSE": 4359.696130398574
  },
  "logistic_regression": {
    "Accuracy": 0.5086705202312138,
    "F1 Score": 0.5405405405405406,
    "ROC AUC": 0.5521390374331551,
    "Confusion Matrix": [
      [
        38,
        47
      ],
      [
        38,
        50
      ]
    ],
    "Classification Report": {
      "0": {
        "precision": 0.5,
        "recall": 0.4470588235294118,
        "f1-score": 0.4720496894409938,
        "support": 85.0
      },
      "1": {
        "precision": 0.5154639175257731,
        "recall": 0.5681818181818182,
        "f1-score": 0.5405405405405406,
        "support": 88.0
      },
      "accuracy": 0.5086705202312138,
      "macro avg": {
        "precision": 0.5077319587628866,
        "recall": 0.507620320855615,
        "f1-score": 0.5062951149907672,
        "support": 173.0
      },
      "weighted avg": {
        "precision": 0.5078660389726476,
        "recall": 0.5086705202312138,
        "f1-score": 0.5068889663008789,
        "support": 173.0
      }
    }
  }
}